{
	"format_version": "1.8.0",
	"animations": {
		"animation.model.look": {
			"animation_length": 2.5,
			"bones": {
				"head": {
					"relative_to": {
						"rotation": "entity"
					},
					"rotation": {
						"0.0": [0, 0, 0.01],
						"0.5": [0, -45, 0],
						"1.0": [0, -45, 0],
						"1.5": [0, 45, 0],
						"2.0": [0, 45, 0],
						"2.5": [0, 0, 0.01]
					}
				},
				"leg_r": {
					"rotation": [0, 0, 0]
				},
				"arm": {
					"rotation": {
						"0.0": [0, 0, 0],
						"0.5417": [0, -10, 0],
						"1.0": [0, -10, 0],
						"1.5": [0, 10, 0],
						"2.0": [0, 10, 0],
						"2.5": [0, 0, 0]
					},
					"position": [0, 0, 0]
				},
				"arm_l": {
					"rotation": {
						"0.0": [0, 0, 0],
						"0.5": [-9.7687, 1.41862, 1.48686],
						"1.0": [-4.89925, 0.68211, 0.7074],
						"1.5": [4.82504, -0.87397, 2.43185],
						"2.0": [-0.02636, -0.05553, 1.60047],
						"2.5": [0, 0, 0]
					}
				},
				"arm_r": {
					"rotation": {
						"0.0": [0, 0, 0],
						"0.5": [9.93509, 0.03452, -0.80107],
						"1.0": [5, 0, 0],
						"1.5": [-14.84659, -0.14886, -1.72795],
						"2.0": [-9.92727, -0.03825, -0.86932],
						"2.5": [0, 0, 0]
					}
				},
				"body": {
					"rotation": {
						"0.0": [0, 0, 0],
						"0.5": [0, -10, 0],
						"1.0": [0, -10, 0],
						"1.5": [0, 10, 0],
						"2.0": [0, 10, 0],
						"2.5": [0, 0, 0]
					}
				}
			}
		}
	}
}