{
	"format_version": "1.8.0",
	"animations": {
		"animation.model.attack": {
			"loop": true,
			"animation_length": 1,
			"bones": {
				"head": {
					"rotation": {
						"0.0": [0, 0, 0],
						"0.5": [-5.1016, 12.47096, -0.66757],
						"0.625": [-2.31086, -9.99481, -0.88611],
						"0.8333": [-2.31, -9.99, -0.89],
						"1.0": [0, 0, 0]
					}
				},
				"arm": {
					"rotation": {
						"0.0": [0, 0, 0],
						"0.5": [0, 15, 0],
						"0.625": [0, -7.5, 0],
						"1.0": [0, 0, 0]
					}
				},
				"arm_l": {
					"rotation": {
						"0.0": [0, 0, 0],
						"0.5": [-135.24614, 5.29571, -12.81847],
						"0.625": [-29.79072, 3.74228, -0.99099],
						"0.8333": [-29.79072, 3.74228, -0.99099],
						"1.0": [0, 0, 0]
					}
				},
				"arm_r": {
					"rotation": {
						"0.0": [0, 0, 0],
						"0.5": [-18.07779, 14.2906, -4.60659],
						"0.625": [0.43153, 0.35502, -2.21253],
						"0.8333": [0.43153, 0.35502, -2.21253],
						"1.0": [0, 0, 0]
					}
				},
				"body": {
					"rotation": {
						"0.0": [0, 0, 0],
						"0.5": [0, 20, 0],
						"0.625": [0, -17.5, 0],
						"0.8333": [0, -17.5, 0],
						"1.0": [0, 0, 0]
					}
				}
			}
		}
	}
}